candidate_id,candidate_election_year,candidate_name,party_full,incumbent_challenge_full,office,total_receipts,total_disbursements,cash_on_hand_end_period,committee_ids,coverage_end_date,candidate_pcc_id,candidate_pcc_name
P00000018,1988,"BALCSIK, EDWARD MATTHEW",UNKNOWN,Challenger,P,0.0,0.0,0.0,{C00193953},,C00193953,NOUVEAU-CENTURY PARTY OF AMERICA COMMITTEE FOR ELECTION OF THE PRESIDENT (PCC FOR BALCSIK)
P00000091,1988,"HILL, RICHARD RHORER",DEMOCRATIC PARTY,Challenger,P,0.00,0.00,0.0,{C00213165},1987-07-15 00:00:00,C00213165,HILL '88 COMMITTEE
P00000406,1988,"FERNANDEZ, BENJAMIN",REPUBLICAN PARTY,Challenger,P,197344.00,221725.00,48.00,"{C00084152,C00140780,C00212480}",1987-12-31 00:00:00,C00212480,BEN FERNANDEZ FOR PRESIDENT COMMITTEE (88)
P00000455,1988,"BUSH, GEORGE",REPUBLICAN PARTY,Open seat,P,91349615.00,88752522.00,2595815.00,"{C00213538,C00214478,C00226282}",1988-12-31 00:00:00,C00226282,BUSH - QUAYLE 88
P00000489,1988,"DOLE, ROBERT J",REPUBLICAN PARTY,Open seat,P,28459656.00,28338222.00,127343.00,"{C00107888,C00213850,C00216838,C00234427}",1988-12-31 00:00:00,C00213850,DOLE FOR PRESIDENT COMMITTEE INC
P00000588,1988,"O'CUMMINGS, GRADY III",DEMOCRATIC PARTY,Challenger,P,0.0,0.0,0.0,{C00164335},,,
P00000679,1988,"CARROLL, JERRY LEON",INDEPENDENT,Challenger,P,575.00,1445.00,0.0,{C00214999},1988-12-31 00:00:00,C00214999,JERRY CARROLL COMMITTEE FOR PRESIDENT
P00000810,1988,"AHERN, FRANK",INDEPENDENT,Challenger,P,0.0,0.0,0.0,{C00215863},,C00215863,FRANK AHERN FOR PRESIDENT
P00001040,1988,"HAIG, ALEXANDER MEIGS JR",REPUBLICAN PARTY,Open seat,P,2633083.00,2631790.00,4337.00,{C00214189},1988-12-31 00:00:00,C00214189,HAIG FOR PRESIDENT
P00001610,1988,"HORNBERGER, DAVID LESTER",INDEPENDENT,Challenger,P,0.0,0.0,0.0,{C00221523},,C00221523,DAVID LESTER HORNBERGER FOR PRESIDENT COMMITTEE
P00001768,1988,"COTNER, ROBERT EUGENE",DEMOCRATIC PARTY,Challenger,P,0.0,0.0,0.0,"{C00116335,C00200212}",,C00200212,COTNER FOR PRESIDENT
P00001792,1988,"ENGLERIUS, MAXIMUS T",UNKNOWN,Challenger,P,0.0,0.0,0.0,{C00197384},,C00197384,ENGLERIUS FOR PRESIDENT CAMPAIGN COMMITTEE
P00001982,1988,"MOONEY, BEATRICE",REPUBLICAN PARTY,Challenger,P,10431.00,10431.00,0.0,{C00220624},1988-12-31 00:00:00,C00220624,BEA MOONEY FOR PRESIDENT PRINCIPAL CAMPAIGN COMMITTEE
P00002386,1988,"MCCABE, JOHN HENRY",DEMOCRATIC PARTY,Challenger,P,0.00,946.00,0.0,{C00221754},1988-01-25 00:00:00,C00221754,MCCABE FOR PRESIDENT
P00002501,1988,"CUNNINGHAM, MATTHEW J",NO PARTY AFFILIATION,Challenger,P,0.0,0.0,0.0,{C00224329},,C00224329,MATTHEW CUNNINGHAM FOR PRESIDENT
P00002568,1988,"LEVINSON, MICHAEL STEPHEN",REPUBLICAN PARTY,Challenger,P,0.0,0.0,0.0,{C00123596},,C00123596,COMMITTEE TO ELECT MICHAEL STEPHEN LEVINSON PRESIDENT OF THE USA 1980
P00002667,1988,"POLAND, HAROLD LAWRENCE",UNKNOWN,Challenger,P,0.0,0.0,0.0,{C00125708},,C00125708,FONTHILL ABBEY POLAND FOR PRESIDENT COMMITTEE
P00002675,1988,"BONNELL, KEN",INDEPENDENT,Challenger,P,0.0,0.0,0.0,{C00155499},,C00155499,BONNELL FOR PRESIDENT
P20000063,1988,"SCHOENFELD, BEN F",REPUBLICAN PARTY,Challenger,P,0.00,0.00,0.0,{C00230524},1988-12-31 00:00:00,C00230524,BENJ F SCHOENFELD FOR PRES COMM
P40000044,1988,"GLOVER, JAMES IRVIN",DEMOCRATIC PARTY,Challenger,P,0.0,0.0,0.0,{C00195487},,C00195487,JAMES IRVIN GLOVER CAMPAIGN COMMITTEE
P40000150,1988,"HART, GARY W",DEMOCRATIC PARTY,Open seat,P,6083297.00,6113138.00,153315.00,"{C00159251,C00214452}",1988-12-30 00:00:00,C00214452,FRIENDS OF GARY HART-1988 INC
P40000184,1988,"BRITT, GEORGE JR",DEMOCRATIC PARTY,Challenger,P,0.0,0.0,0.0,"{C00159939,C00200022}",,C00200022,GEORGE BRITT JR FOR PRESIDENT 1988
P40000192,1988,"STANCILL, WILLIS JOHNSTON",UNKNOWN,Challenger,P,0.0,0.0,0.0,{C00162636},,C00162636,CLEAN GOVERNMENT SYSTEM
P40000234,1988,"HAWKINSON, CARLA KATHRYN SCHRAM",DEMOCRATIC PARTY,Challenger,P,0.0,0.0,0.0,{C00164343},,C00164343,DEMOCRATS FOR CARLA
P40000242,1988,"RODEN, GEORGE B",DEMOCRATIC PARTY,Challenger,P,0.0,0.0,0.0,{C00164350},,C00164350,COMMITTEE TO ELECT GEORGE RODEN PRESIDENT
P40000259,1988,"STEWART, FRANK MRS",DEMOCRATIC PARTY,Challenger,P,575.00,575.00,0.0,{C00213124},1988-12-31 00:00:00,C00213124,STEWART PRESIDENTIAL CLUB (PCC MRS FRANK STEWART)
P40000416,1988,"SAGAN, CYRIL E",DEMOCRATIC PARTY,Challenger,P,0.0,0.0,0.0,"{C00165258,C00219824}",1988-12-31 00:00:00,C00219824,SAGAN FOR PRESIDENT
P40000473,1988,"DOTY, CHARLES RICHARD",DEMOCRATIC PARTY,Challenger,P,38874.00,37310.00,0.0,{C00165886},1988-12-31 00:00:00,C00165886,CHARLES R DOTY FOR PRESIDENT COMMISSION
P40000481,1988,"HAMBURG, AL",DEMOCRATIC PARTY,Challenger,P,92645.00,0.0,0.0,{C00212845},1987-12-31 00:00:00,C00212845,WAR VETERANS AGAINST NUCLEAR WEAPONS (PCC AL HAMBURG)
P40000648,1988,"WINN, ROBERT BRYANT",UNKNOWN,Challenger,P,0.00,0.00,0.0,{C00168153},1985-03-28 00:00:00,C00168153,ROBERT B WINN (PCC)
P40000671,1988,"MATALIK, EMIL",INDEPENDENT,Challenger,P,0.0,0.0,0.0,{C00224527},,C00224527,#1 PARTY (PCC MATALIK)
P40000689,1988,"STOUT, ROBERT GARY",INDEPENDENT,Challenger,P,0.00,0.00,0.0,{C00214056},1988-12-31 00:00:00,C00214056,ROBERT GARY STOUT (PCC)
P40000788,1988,"PRICE, ERIC LINDSAY",DEMOCRATIC PARTY,Challenger,P,0.0,0.0,0.0,"{C00169250,C00215087}",,C00215087,COMMITTEE TO ELECT ERIC LINDSAY PRICE PRESIDENT
P40000853,1988,"MASTERS, ISABELL DR",REPUBLICAN PARTY,Challenger,P,5550.00,5550.00,0.0,"{C00170399,C00215756}",1988-12-31 00:00:00,C00215756,COMM TO ELECT DR ISABELL MASTERS FOR PRESIDENT
P40000952,1988,"KAY, RICHARD B",DEMOCRATIC PARTY,Challenger,P,11965.00,11964.00,0.0,{C00217810},1988-03-30 00:00:00,C00217810,KAY FOR PRESIDENT COMMITTEE
P40001018,1988,"JACKSON, JESSE LOUIS",DEMOCRATIC PARTY,Open seat,P,29185838.00,28931268.00,326064.00,"{C00172239,C00177386,C00217265,C00217893,C00221739,C00225953,C00226324}",1989-01-31 00:00:00,C00217893,JESSE JACKSON FOR PRESIDENT '88 COMMITTEE
P40001190,1988,"KOCZAK, STEPHEN A",DEMOCRATIC PARTY,Challenger,P,7244.00,7114.00,0.0,{C00182147},1988-12-31 00:00:00,C00182147,KOCZAK FOR PRESIDENT COMMITTEE
P40001356,1988,"HOLMES, LARRY",UNKNOWN,Challenger,P,2834.00,4754.00,0.0,"{C00175638,C00221978}",1988-12-31 00:00:00,C00221978,WORKERS WORLD PARTY PRESIDENTIAL CAMPAIGN COMM (PCC HOLMES)
P40001364,1988,"LARIVA, GLORIA (V-P)",UNKNOWN,Challenger,P,2713.00,2712.00,0.0,{C00221978},1988-12-31 00:00:00,C00221978,WORKERS WORLD PARTY PRESIDENTIAL CAMPAIGN COMM (PCC HOLMES)
P40001430,1988,"GLOVER, MILDRED",DEMOCRATIC PARTY,Challenger,P,0.0,0.0,0.0,{C00214155},,C00214155,MILDRED GLOVER FOR PRESIDENT
P40001463,1988,"STASSEN, HAROLD E",REPUBLICAN PARTY,Challenger,P,21566.00,21585.00,0.0,{C00218909},1988-10-30 00:00:00,C00218909,WE THE PEOPLE STASSEN COMMITTEE
P40001471,1988,"LAMB, BOB",INDEPENDENT,Challenger,P,0.00,0.00,0.0,"{C00177832,C00211466}",1988-11-30 00:00:00,C00211466,LAMB CAMPAIGN COMMITTEE
P40001737,1988,"MARTIN, JOHN GOVERNOR",UNKNOWN,Challenger,P,1700.00,2800.00,0.0,{C00185314},1988-12-31 00:00:00,C00185314,COMMITTEE TO ELECT JOHN G MARTIN
P40001836,1988,"RUTHERFORD, KRISTOPHER PAUL",DEMOCRATIC PARTY,Challenger,P,0.0,0.0,0.0,{C00188169},,C00188169,COMMITTEE DEDICATED TO THE ELECTION OF KRISTOPHER P RUTHERFORD
P40001992,1988,"BRADFORD, ROBERT W",INDEPENDENT,Challenger,P,0.00,0.00,0.0,{C00214676},1988-12-31 00:00:00,C00214676,ROBERT W BRADFORD FOR PRESIDENT CAMPAIGN COMM
P60000171,1988,"BENTSEN, LLOYD M JR (VICE PRESIDENT)",DEMOCRATIC PARTY,Open seat,P,31991.00,31290.00,0.0,{C00230250},1988-12-31 00:00:00,,
P60000270,1988,"CLEGG, BILLY JOE",DEMOCRATIC PARTY,Challenger,P,0.0,0.0,0.0,{C00214403},,C00214403,CHRISTIANS FOR CLEGG FOR PRESIDENT
P60000452,1988,"LAROUCHE, LYNDON H JR",DEMOCRATIC PARTY,Open seat,P,6517586.00,6728897.00,21201.00,"{C00031781,C00107391,C00110502,C00171538,C00187435,C00188888,C00198671,C00231902}",1988-12-31 00:00:00,C00231902,DEMOCRATS FOR NATIONAL ECONOMIC RECOVERY - LAROUCHE IN 88
P60000742,1988,"WHARTON, GORDON HELD",REPUBLICAN PARTY,Challenger,P,253.00,253.00,0.0,{C00215673},1988-02-25 00:00:00,C00215673,WHARTON FOR PRESIDENT COMMITTEE
P60000825,1988,"TOWERS, REGINALD S V",DEMOCRATIC PARTY,Challenger,P,2506.00,2483.00,0.0,{C00220491},1988-12-31 00:00:00,C00220491,R S V TOWERS PRINCIPAL CAMPAIGN COMMITTEE
P60002292,1988,"FIOLA, NELL K.",INDEPENDENT,Challenger,P,0.0,0.0,0.0,{C00048553},1988-12-31 00:00:00,C00048553,NEW MILLENIUM COMMITTEE (PCC FIOLA)
P80000029,1988,"KUEHL, RAYMOND C JR",DEMOCRATIC PARTY,Challenger,P,0.0,0.0,0.0,{C00192419},,,
P80000045,1988,"STEWART, ANDREW JOHN",UNKNOWN,Challenger,P,200.00,1725.00,0.0,{C00192922},1986-01-31 00:00:00,C00192922,NEW WORLD COUNCIL (PCC STEWART)
P80000052,1988,"ALLEN, WILLIAM DEAN SR",REPUBLICAN PARTY,Open seat,P,8356.00,8356.00,0.0,{C00192989},1987-04-01 00:00:00,C00192989,CITIZENS FOR DEAN ALLEN
P80000060,1988,"KEMP, JACK",REPUBLICAN PARTY,Open seat,P,20576281.00,20422780.00,153504.00,{C00214221},1988-12-31 00:00:00,C00214221,JACK KEMP FOR PRESIDENT '88
P80000078,1988,"DOYLE, JAMES GEORGE",UNKNOWN,Challenger,P,0.0,0.0,0.0,{C00193110},,C00193110,DOYLE '88 COMMITTEE
P80000086,1988,"OTT, CHARLES J",UNKNOWN,Challenger,P,0.0,0.0,0.0,{C00193326},,C00193326,"CHUCK OTT'S BELIEVE IT OR NOT, SERIOUS PRESIDENTIAL COMMITTEE"
P80000094,1988,"LEACH, STEPHEN E",UNKNOWN,Challenger,P,0.0,0.0,0.0,{C00193615},,C00193615,COMMITTEE FOR THE ELECTION OF STEVE LEACH
P80000102,1988,"DEVERS, ANDREW SAMUEL",UNKNOWN,Challenger,P,0.0,0.0,0.0,{C00193789},,C00193789,COMMITTEE FOR THE ELECTION OF ANDREW DEVERS
P80000110,1988,"ROSENBAUM, ARY DOV",DEMOCRATIC PARTY,Challenger,P,0.0,0.0,0.0,{C00193961},,C00193961,ARY ROSENBAUM FOR PRESIDENT
P80000128,1988,"BURGER, PUNCH B",INDEPENDENT,Challenger,P,0.0,0.0,0.0,{C00194928},,C00194928,SOCIETY FOR THE PREVENTION OF CRUELTY TO VOTERS (PCC BURGER)
P80000169,1988,"TYLER, SHERMAN LEE JR",UNKNOWN,Challenger,P,15059.00,22059.00,0.0,{C00195354},1988-12-31 00:00:00,C00195354,TYLER FOR PRESIDENT OF U S A
P80000177,1988,"MCCANDLESS SR, JAMES CARVER",UNKNOWN,Challenger,P,0.0,0.0,0.0,{C00195750},,C00195750,JAMES CARVER MCCANDLESS FOR PRESIDENT OF THE UNITED STATES OF AMERICA
P80000219,1988,"ABRAM, ALFRED",DEMOCRATIC PARTY,Challenger,P,0.0,0.0,0.0,{C00201848},,C00201848,ABRAM FOR PRESIDENT
P80000243,1988,"ABRAMCZYK, THOMAS JEFFERY",UNKNOWN,Challenger,P,0.0,0.0,0.0,{C00199729},,C00199729,TOM ABRAMCZYK FOR PRESIDENT COMMITTEE
P80000250,1988,"SMITH, ROBERT J",REPUBLICAN PARTY,Challenger,P,1700.00,1175.00,0.0,{C00201269},1986-03-31 00:00:00,C00201269,PRINCE FOR THE REPUBLIC
P80000268,1988,"CARTER, WILLIE FELIX",DEMOCRATIC PARTY,Challenger,P,0.0,0.0,0.0,{C00202176},,C00202176,WILLIE CARTER FOR PRESIDENT COMMITTEE
P80000276,1988,"GREEN, JASON RALPH",INDEPENDENT,Challenger,P,0.0,0.0,0.0,{C00202937},,C00202937,COMMITTEE TO ELECT JASON GREEN FOR PRES
P80000284,1988,"LAMAGNO, CONCETTA MARIE",UNKNOWN,Challenger,P,10685.00,10685.00,0.0,{C00203323},1988-06-30 00:00:00,C00203323,NEW ISRAEL WITH CONCETTA MARIE (PCC LAMAGNO)
P80000292,1988,"ADKINS, GORDON HALLMAN SR",UNKNOWN,Challenger,P,0.0,0.0,0.0,{C00203604},,C00203604,GORDON ADKINS FOR PRESIDENT COMMITTEE
P80000300,1988,"SHEPPARD, ALICE FEGGINS",REPUBLICAN PARTY,Challenger,P,0.0,0.0,0.0,{C00203786},,C00203786,ALICE F SHEPPARD-COMMITTEE FOR U S PRES
P80000326,1988,"SAUNDERS, ROBERT LEE",INDEPENDENT,Challenger,P,0.0,0.0,0.0,"{C00204792,C00234153}",,C00234153,BOBBY SAUNDERS FOR PRESIDENT
P80000334,1988,"BOYDSTON, JOHN EDWIN REV (FATHER)",UNKNOWN,Challenger,P,0.0,0.0,0.0,{C00206557},,C00206557,REV FATHER JOHN EDWIN BOYDSTON
P80000342,1988,"DU PONT, PETE",REPUBLICAN PARTY,Open seat,P,9153134.00,9123115.00,50799.00,{C00207530},1988-12-31 00:00:00,C00207530,PETE DU PONT FOR PRESIDENT
P80000391,1988,"HORTON, MAURICE",REPUBLICAN PARTY,Open seat,P,0.0,0.0,0.0,{C00208108},,C00208108,COMM TO ELECT MAURICE HORTON PRESIDENT
P80000409,1988,"DAYLONG, BLYTH WILLIAM",DEMOCRATIC PARTY,Challenger,P,0.0,0.0,0.0,{C00208546},,C00208546,BLYTH DAYLONG'S PRESIDENTIAL CAMPAIGN
P80000417,1988,"ROBICHAUX, KENNETH GEORGE",UNKNOWN,Challenger,P,0.0,0.0,0.0,{C00208553},,C00208553,PRIX PARTY (PCC ROBICHAUX)
P80000425,1988,"SWINNEY, RICKEY LYNN",UNKNOWN,Challenger,P,0.0,0.0,0.0,{C00208561},,C00208561,AMERICAN DREAM (PCC SWINNEY)
P80000433,1988,"ROBERTSON, MARION GORDON (PAT)",REPUBLICAN PARTY,Open seat,P,41029066.00,41009643.00,19420.00,{C00218214},1988-12-31 00:00:00,C00218214,AMERICANS FOR ROBERTSON INC
P80000441,1988,"BEASLEY, JAMES MERCER",INDEPENDENT,Challenger,P,0.0,0.0,0.0,{C00209932},,C00209932,COMMITTEE TO ELECT JAMES M BEASLEY PRESIDENT OF THE UNITED STATES OF AMERICA
P80000466,1988,"MCKIM, THOMAS CAPITOLA",UNKNOWN,Challenger,P,0.0,0.0,0.0,{C00210120},,C00210120,THOMAS MCKIM FOR PRESIDENT O'BRIEN
P80000474,1988,"STERN, MICHAEL ALAN",REPUBLICAN PARTY,Challenger,P,0.00,0.00,0.0,{C00210195},1987-09-30 00:00:00,C00210195,AMERICANS FOR STERN
P80000482,1988,"LADNER, ROBERT DERWOOD ""BUCK""",DEMOCRATIC PARTY,Challenger,P,21953.00,19075.00,0.0,{C00211789},1987-12-31 00:00:00,C00211789,LADNER FOR PRESIDENT '88 C/C
P80000490,1988,"CHILDERS, PEGGY ANN",DEMOCRATIC PARTY,Challenger,P,0.0,0.0,0.0,{C00211169},,C00211169,CHILDERS-WINDSOR FOR PRESIDENT
P80000508,1988,"WOODSON, ROBERT BERNARD",UNKNOWN,Challenger,P,0.0,0.0,0.0,{C00211185},,C00211185,R&CK ENTERPRISES (PCC WOODSON)
P80000524,1988,"FREI, MICHAEL J",INDEPENDENT,Challenger,P,0.0,0.0,0.0,{C00211367},,C00211367,MIKE FREI FOR PRESIDENT COMMITTEE
P80000532,1988,"JONES, ALFONZO",DEMOCRATIC PARTY,Challenger,P,0.0,0.0,0.0,{C00211771},1988-06-30 00:00:00,C00211771,COMMITTEE TO ELECT MR ALFONZO JONES FOR PRESIDENT
P80000540,1988,"LANDAR, JOSEPH",INDEPENDENT,Challenger,P,0.00,0.00,0.0,{C00212167},1987-09-23 00:00:00,C00212167,COMMITTEE FOR THE ELECTION OF JOSEPH LANDAR AS PRESIDENT OF THE U S A
P80000573,1988,"HOLMS, SEBASTIAN THOMAS JR",INDEPENDENT,Challenger,P,0.0,0.0,0.0,{C00212282},,C00212282,SEBASTIAN THOMAS HOLMS JR (PCC)
P80000581,1988,"GEPHARDT, RICHARD A",DEMOCRATIC PARTY,Open seat,P,13295091.00,13284762.00,10330.00,{C00212365},1988-12-31 00:00:00,C00212365,GEPHARDT FOR PRESIDENT COMMITTEE INC
P80000599,1988,"HAYNES, ROBERT BRYANT",UNKNOWN,Challenger,P,0.00,0.00,0.0,{C00212464},1987-10-19 00:00:00,C00212464,WRITE IN ROBERT HAYNES FOR PRESIDENT 88'
P80000607,1988,"DARNELL, SAMUEL DALE (VP)",UNKNOWN,Challenger,P,0.0,0.0,0.0,{C00212472},,C00212472,WRITE IN DALE DARNELL FOR VICE PRESIDENT
P80000623,1988,"FRIEDMAN, LOUIS JOSEPH",DEMOCRATIC PARTY,Challenger,P,0.0,0.0,0.0,{C00212563},,C00212563,CITIZENS FOR FRIEDMAN
P80000649,1988,"MAUER, GEORGE JOSEPH",DEMOCRATIC PARTY,Challenger,P,6583.00,6582.00,0.0,{C00212837},1988-03-31 00:00:00,C00212837,"COMMITTEE TO ELECT ""DOC"" MAUER FOR PRESIDENT"
P80000656,1988,"BABBITT, BRUCE",DEMOCRATIC PARTY,Open seat,P,8359128.00,8152050.00,18244.00,{C00213017},1988-12-31 00:00:00,C00213017,BABBITT FOR PRESIDENT COMMITTEE
P80000664,1988,"HAMBURG, MICHAEL LEE",DEMOCRATIC PARTY,Open seat,P,0.0,0.0,0.0,{C00213116},,C00213116,"JOBS FOR STUDENT, JOBS FOR YOUTH (PCC MICHAEL HAMBURG)"
P80000672,1988,"HOFF, SAMUEL B DR",DEMOCRATIC PARTY,Challenger,P,1.00,1.00,0.0,{C00213306},1988-12-31 00:00:00,C00213306,FOR THE RIGHT MIX VOTE HOFF IN 1996
P80000706,1988,"RICKETTS, JAMES H SR",UNKNOWN,Challenger,P,0.0,0.0,0.0,{C00213447},,C00213447,ARMY OF THE RECONVENTION COMMITTEE (PCC RICKETTS)
P80000714,1988,"MEANS, RUSSELL",LIBERTARIAN PARTY,Challenger,P,38669.00,38855.00,0.0,{C00213553},1988-12-31 00:00:00,C00213553,RUSSELL MEANS FOR PRESIDENT
P80000722,1988,"BIDEN, JOSEPH R JR",DEMOCRATIC PARTY,Open seat,P,3980894.00,3978720.00,5180.00,{C00213652},1988-12-31 00:00:00,C00213652,BIDEN FOR PRESIDENT
P80000730,1988,"SITNICK, FRED IRVIN",DEMOCRATIC PARTY,Challenger,P,55315.00,40500.00,0.0,{C00213660},1988-12-31 00:00:00,C00213660,MESSIAH FOR PRESIDENT OF THE UNITED STATES OF AMERICA
P80000748,1988,"PAUL, RONALD E",LIBERTARIAN PARTY,Open seat,P,1585884.00,1588061.00,-2649.00,"{C00213686,C00215095}",1988-12-31 00:00:00,C00213686,RON PAUL FOR PRESIDENT
P80000755,1988,"FOSTER, GARY STEVEN",UNKNOWN,Challenger,P,0.0,0.0,0.0,{C00213785},,C00213785,COMMITTEE TO ELECT GARY STEVEN FOSTER PRESIDENT OF THE UNITED STATES OF AMERICA
P80000763,1988,"MARTIN-TRIGONA, ANTHONY R",DEMOCRATIC PARTY,Challenger,P,787688.00,44342.00,0.00,"{C00213777,C00215566,C00216978,C00220301,C00220319,C00220327,C00220335,C00220343,C00220350,C00220368,C00220376,C00220384,C00220392,C00220400,C00220418}",1988-06-30 00:00:00,C00213777,NEW HAMPSHIRE DEMOCRATIC CAMPAIGN COMMITTEE/ANTHONY MARTIN-TRIGONA CANDIDATE
P80000789,1988,"DUKAKIS, MICHAEL S",DEMOCRATIC PARTY,Open seat,P,90096557.00,87924737.00,2845582.00,"{C00214213,C00214312,C00227629,C00228957}",1988-12-31 00:00:00,C00227629,DUKAKIS/BENTSEN COMMITTEE INC
P80000813,1988,"DAVIS, GARRY",INDEPENDENT,Challenger,P,0.0,0.0,0.0,{C00214080},,C00214080,GARRY DAVIS FOR PRESIDENT NATIONAL CAMPAIGN COMMITTEE
P80000821,1988,"EVANS, CHARLES RAY",REPUBLICAN PARTY,Challenger,P,16812.00,16809.00,0.0,{C00214163},1988-12-31 00:00:00,C00214163,C R EVANS PRESIDENTIAL COMMITTEE
P80000839,1988,"DECHERT, ALAN",DEMOCRATIC PARTY,Challenger,P,0.0,0.0,0.0,{C00214122},,C00214122,COMMITTEE FOR A SUSTAINABLE SOCIETY ALAN DECHERT
P80000847,1988,"HELLER, MILTON LOUIS",REPUBLICAN PARTY,Challenger,P,0.00,0.00,0.0,{C00214130},1989-01-31 00:00:00,C00214130,DELEGATE COMMITTEE FOR MILTON LOUIS HELLER
P80000854,1988,"GUTIERREZ, DOLORES YOLANDA",DEMOCRATIC PARTY,Challenger,P,0.0,0.0,0.0,{C00214205},,C00214205,DOLORES YOLANDA GUTIERREZ (PCC)
P80000862,1988,"GASKING, LEVI MARTIN LUTHER III REV",REPUBLICAN PARTY,Challenger,P,0.00,154.00,0.0,{C00214320},1988-03-31 00:00:00,C00214320,LEON CLIFFORD GASKIN (PCC GASKING)
P80000870,1988,"FABISH, THOMAS S",REPUBLICAN PARTY,Challenger,P,12928.00,12886.00,0.0,{C00214346},1988-12-31 00:00:00,C00214346,FABISH CAMPAIGN COMMITTEE
P80000888,1988,"SIMON, PAUL",DEMOCRATIC PARTY,Open seat,P,13346444.00,12892084.00,454360.00,{C00214742},1988-12-31 00:00:00,C00214742,PAUL SIMON FOR PRESIDENT
P80000912,1988,"GORE, ALBERT JR",DEMOCRATIC PARTY,Open seat,P,14957697.00,14953102.00,38051.00,{C00214734},1988-12-31 00:00:00,C00214734,ALBERT GORE JR FOR PRESIDENT COMMITTEE INC
P80000946,1988,"LAXALT, PAUL",REPUBLICAN PARTY,Open seat,P,1245955.00,1245955.00,0.00,{C00214783},1988-05-31 00:00:00,C00214783,LAXALT FOR PRESIDENT COMMITTEE
P80000953,1988,"GRIFFIN, GENE AUTRY",DEMOCRATIC PARTY,Challenger,P,0.0,0.0,0.0,{C00214908},,C00214908,CITIZENS FOR GRIFFIN FOR PRESIDENT
P80000987,1988,"LITE, SNOW",DEMOCRATIC PARTY,Challenger,P,0.00,0.00,0.0,{C00215103},1987-12-21 00:00:00,C00215103,ELECT SNOW LITE FOR PRESIDENT
P80000995,1988,"HESLOP, KATHLEEN REBECCA",REPUBLICAN PARTY,Challenger,P,0.0,0.0,0.0,{C00215400},,C00215400,HESLOP FOR PRESIDENT COMMITTEE
P80001001,1988,"HEM, EUGENE A",UNKNOWN,Challenger,P,1000.00,1000.00,0.0,{C00215178},1987-12-31 00:00:00,C00215178,THIRD PARTY (PCC HEM)
P80001027,1988,"GOODWIN, GREGORY IIAMS",UNKNOWN,Challenger,P,487.00,437.00,0.0,{C00215301},1988-12-31 00:00:00,C00215301,G I GOODWIN FOR PRESIDENT FOR LIFE RECLAMATION COMMITTEE
P80001035,1988,"COURTNEY, GREGORY ALLEN",DEMOCRATIC PARTY,Challenger,P,0.0,0.0,0.0,{C00215319},,C00215319,COURTNEY FOR PRESIDENT COMMITTEE
P80001043,1988,"MILTON, JERRY ROGER",INDEPENDENT,Challenger,P,0.00,0.00,0.0,{C00215392},1988-06-30 00:00:00,C00215392,JERRY ROGER MILTON (PCC)
P80001050,1988,"DUKE, DAVID",UNKNOWN,Challenger,P,575035.00,573437.00,1598.00,"{C00215426,C00232736}",1988-12-31 00:00:00,C00232736,POPULIST PARTY OF AMERICA NATIONAL COMMITTEE (DAVID DUKE FOR PRESIDENT)
P80001068,1988,"BUFFINGTON, LARRY JOE",DEMOCRATIC PARTY,Challenger,P,0.0,0.0,0.0,{C00215624},,C00215624,BUFFINGTON FOR PRESIDENT COMMITTEE
P80001076,1988,"OERTEL, JOHN JOSEPH",DEMOCRATIC PARTY,Challenger,P,0.0,0.0,0.0,{C00215897},,C00215897,JOHN OERTEL LETS HAVE A PIZZA JAM PRESIDENTIAL COMMITTEE
P80001084,1988,"THORPE, BISHOP OSIE",DEMOCRATIC PARTY,Challenger,P,3800.00,4976.00,0.0,{C00215947},1988-12-31 00:00:00,C00215947,BISHOP OSIE THORPE FOR PRESIDENT
P80001092,1988,"APOLLO, MICK ZAGER",UNKNOWN,Challenger,P,0.0,0.0,0.0,{C00215954},,C00215954,KEEP IT SANE AND SIMPLE (PCC APOLLO)
P80001100,1988,"VAN VLIET, STEPHANIE DIANA",REPUBLICAN PARTY,Challenger,P,0.0,0.0,0.0,{C00215962},1988-03-31 00:00:00,C00215962,STEPHANIE VAN VLIET COMMITTEE
P80001118,1988,"FULANI, LENORA B",INDEPENDENT,Challenger,P,2655439.00,2628503.00,27157.00,"{C00215988,C00231159}",1988-12-31 00:00:00,C00231159,LENORA B FULANI'S COMM FOR FAIR ELECTIONS - GENERAL ELECTION
P80001126,1988,"CHILDS, BARRY WAYNE",UNKNOWN,Challenger,P,4.00,0.00,0.0,{C00215996},1989-01-31 00:00:00,C00215996,BARRY WAYNE CHILDS FOR PRESIDENT
P80001167,1988,"LITE, VANNA",DEMOCRATIC PARTY,Challenger,P,0.00,0.00,0.0,{C00216085},1987-12-21 00:00:00,C00216085,ELECT VANNA LITE FOR PRESIDENT
P80001183,1988,"MCDEVITT, MARK ALAN",REPUBLICAN PARTY,Challenger,P,0.0,0.0,0.0,{C00216309},,C00216309,MARK MCDEVITT'S FIRST LADY TALENT SEARCH '88
P80001191,1988,"MCDONALD, ANGUS WHEELER",DEMOCRATIC PARTY,Challenger,P,34304.00,33751.00,0.0,{C00216325},1988-12-31 00:00:00,C00216325,ANGUS WHEELER MCDONALD (PCC)
P80001217,1988,"CLENDENAN, ROY JAMES",DEMOCRATIC PARTY,Challenger,P,3000.00,3000.00,0.0,{C00216408},1987-09-30 00:00:00,C00216408,COMMITTEE TO ELECT ROY J CLENDENAN PRESIDENT
P80001225,1988,"DENISON, JOHN GREENE",REPUBLICAN PARTY,Challenger,P,0.00,0.00,0.0,{C00216432},1988-04-15 00:00:00,C00216432,JOHN G DENISON TRUST
P80001258,1988,"MELFI, ROBERT VETO",INDEPENDENT,Challenger,P,0.0,0.0,0.0,{C00216515},,C00216515,COMMITTEE TO ELECT ROBERT MELFI
P80001282,1988,"DUPONT, WILLIAM J",DEMOCRATIC PARTY,Open seat,P,9596.00,9596.00,0.0,{C00216846},1988-03-31 00:00:00,C00216846,DUPONT CAMPAIGN COMMITTEE
P80001290,1988,"SHAPIRO, HENRY A",INDEPENDENT,Challenger,P,47.00,47.00,0.0,{C00217349},1987-11-14 00:00:00,C00217349,HENRY A SHAPIRO-REFORM CANDIDATE FOR PRESIDENT
P80001316,1988,"LEGRAND, LAURIE",UNKNOWN,Challenger,P,0.0,0.0,0.0,{C00217257},,C00217257,MATURE MINORITY (PCC LEGRAND)
P80001324,1988,"POLK, ROBERT H",INDEPENDENT,Challenger,P,0.0,0.0,0.0,{C00216986},,C00216986,COMMITTEE TO ELECT ROBERT H POLK
P80001332,1988,"JOHNSON, JESSIE ALVIN",REPUBLICAN PARTY,Challenger,P,0.00,0.00,0.0,{C00219287},1988-12-31 00:00:00,C00219287,JESSE A JOHNSON FOR PRESIDENT
P80001340,1988,"FOUTCH, MARSHA AILEEN LANNAN",DEMOCRATIC PARTY,Challenger,P,0.0,0.0,0.0,{C00217174},,C00217174,FRIENDS OF MARSHA FOUTCH
P80001357,1988,"KRATSAS, NICK C",UNKNOWN,Challenger,P,0.0,0.0,0.0,{C00217190},1988-01-31 00:00:00,C00217190,FRIENDS OF NICK KRATSAS FOR PRESIDENT CAMPAIGN COMMITTEE
P80001365,1988,"KORNFELD, TODD HARRIS",DEMOCRATIC PARTY,Challenger,P,0.0,0.0,0.0,{C00217224},,C00217224,AND COMPANY FOR TODD KORNFELD IN 1988
P80001373,1988,"DENNERLL, NORBERT GEORGE JR",DEMOCRATIC PARTY,Challenger,P,7325.00,7542.00,0.0,{C00217331},1988-09-30 00:00:00,C00217331,DENNERLL FOR PRESIDENT 88 COMMITTEE
P80001381,1988,"SHEPHERD, DAVID W",DEMOCRATIC PARTY,Challenger,P,0.0,0.0,0.0,{C00217380},,C00217380,DAVID W SHEPHERD FOR PRESIDENTS COMMITTEE FUND
P80001399,1988,"KLEIN, WILLIAM DONALD",CONSTITUTIONAL,Challenger,P,0.0,0.0,0.0,{C00217398},1988-04-30 00:00:00,C00217398,CONSTITUTIONAL CANDIDATE FOR PRESIDENCY OF USA (PCC KLEIN)
P80001407,1988,"ORR, LEONARD DIETRICH",DEMOCRATIC PARTY,Challenger,P,0.00,0.00,0.0,{C00217406},1987-12-31 00:00:00,C00217406,LEONARD D ORR 88
P80001449,1988,"MESSENGER, JAMES ROBERT",DEMOCRATIC PARTY,Challenger,P,0.0,0.0,0.0,{C00217521},,C00217521,JAMES R MESSENGER FOR PRESIDENT COMMITTEE
P80001506,1988,"GREEN, RAY FERRILL",INDEPENDENT,Challenger,P,0.0,0.0,0.0,{C00217794},,C00217794,LAWSONS BARBERING (PCC GREEN)
P80001514,1988,"PARKER, AARON M (V-P)",INDEPENDENT,Challenger,P,0.00,0.0,0.0,{C00217828},1987-12-31 00:00:00,C00217828,HAPKA - PARKER ELECTION COMMITTEE
P80001522,1988,"HAPKA, THOMAS EDWARD",INDEPENDENT,Challenger,P,0.00,0.0,0.0,{C00217828},1987-12-31 00:00:00,C00217828,HAPKA - PARKER ELECTION COMMITTEE
P80001530,1988,"KING, WILLIAM E",DEMOCRATIC PARTY,Challenger,P,0.0,0.0,0.0,{C00217836},,C00217836,WILLIAM KING FOR PRESIDENT
P80001548,1988,"MARRA, WILLIAM A PROFESSOR",DEMOCRATIC PARTY,Open seat,P,80511.00,63885.00,0.0,{C00217844},1988-06-30 00:00:00,C00217844,MARRA FOR PRESIDENT COMMITTEE
P80001563,1988,"NEWMAN, JOSEPH WESTLEY",UNKNOWN,Challenger,P,17072.00,17070.00,0.0,{C00217950},1988-12-31 00:00:00,C00217950,JOSEPH NEWMAN PRESIDENTIAL COMMITTEE
P80001589,1988,"FERGUSON, CLINTON",UNKNOWN,Challenger,P,0.00,0.00,0.0,{C00218073},1988-12-31 00:00:00,C00218073,CITIZENS OF U S A (PCC FERGUSON)
P80001597,1988,"RILEY, JOHNNIE",DEMOCRATIC PARTY,Challenger,P,0.0,0.0,0.0,{C00218081},,C00218081,JOHNNIE RILEY FOR PRESIDENT COMMITTEE
P80001605,1988,"PACKWOOD, AUBURN H",NO PARTY AFFILIATION,Challenger,P,0.0,0.0,0.0,{C00218156},,C00218156,CONSERTIVES FOR PACKWOOD FOR PRESIDENT
P80001613,1988,"CONNORS, TERRENCE RUSSELL",REPUBLICAN PARTY,Challenger,P,0.00,0.00,0.0,{C00218248},1988-06-30 00:00:00,C00218248,AMERICANS FOR TERRENCE RUSSELL CONNORS
P80001621,1988,"JOHNSON, ROBERT L (UNCLE TORVALD)",INDEPENDENT,Challenger,P,8.00,12.00,0.0,{C00218719},1988-01-31 00:00:00,C00218719,UNCLE TORVALD FOR PRESIDENT COMMITTEE (PCC ROBERT JOHNSON)
P80001654,1988,"LANG, LAWRENCE JOSEPH",UNKNOWN,Challenger,P,0.0,0.0,0.0,{C00218347},,C00218347,COMMITTEE TO ELECT LAWRENCE J LANG
P80001662,1988,"KLEMENS, BEN",UNKNOWN,Challenger,P,11.00,0.00,0.0,{C00218388},1988-12-31 00:00:00,C00218388,COMMITTEE OF BEN KLEMENS
P80001688,1988,"ADAMS, CHARLES A",INDEPENDENT,Challenger,P,0.0,0.0,0.0,{C00218537},,C00218537,COMMITTEE TO ELECT CHARLES A ADAMS
P80001696,1988,"LIRA, WILLIAM JOSEPH",UNKNOWN,Challenger,P,0.0,0.0,0.0,{C00218545},,C00218545,WILL LIRA COMMITTEE FOR THE BENEFIT OF ANIMALISM IN AMERICA
P80001704,1988,"HICKMAN, WDUAN DAVID",UNKNOWN,Challenger,P,0.0,0.0,0.0,{C00218586},,C00218586,COMMITTEE TO ELECT HICKMAN PRESIDENT
P80001712,1988,"YOUNGKEIT, LOUIE GENE",UNKNOWN,Challenger,P,3.00,0.00,0.0,{C00218701},1988-11-04 00:00:00,C00218701,LOUIE GENE YOUNGKEIT (PCC)
P80001746,1988,"LOCK, STANLEY ONEASE (JR)",DEMOCRATIC PARTY,Challenger,P,3161.00,4125.00,0.0,{C00218792},1988-02-04 00:00:00,C00218792,DEMOCRAT CLUB-DIV 1 NATIONAL CAMPAIGN HEADQUARTERS (PCC LOCK)
P80001753,1988,"JOHNSON, ARTHUR",INDEPENDENT,Challenger,P,0.0,0.0,0.0,{C00218784},,C00218784,ARTHUR JOHNSON/INDEPENDENT CANDIDATE FOR PRESIDENT
P80001761,1988,"JACKSON, RICHARD ALBERT",REPUBLICAN PARTY,Challenger,P,0.00,0.00,0.0,{C00218966},1988-03-11 00:00:00,C00218966,COMMITTEE FOR THE ELECTION OF RICHARD A JACKSON
P80001779,1988,"TRAFICANT, JAMES A JR",DEMOCRATIC PARTY,Open seat,P,80905.00,80903.00,0.0,{C00218941},1988-09-30 00:00:00,C00218941,COMMITTEE TO ELECT TRAFICANT PRESIDENT
P80001787,1988,"MARQUEZ, HECTOR",INDEPENDENT,Open seat,P,0.0,0.0,0.0,{C00218958},,C00218958,HECTO'S DOIN'S FOR PRESIDENT (PCC MARQUEZ)
P80001795,1988,"VAN PETTEN, ALBERT ARCHER",DEMOCRATIC PARTY,Challenger,P,23841.00,23841.00,0.0,{C00219147},1988-05-15 00:00:00,C00219147,VAN PETTEN COMMITTEE
P80001811,1988,"DIETRICH, DON WILLIAM",INDEPENDENT,Challenger,P,0.0,0.0,0.0,{C00219170},,C00219170,COMMITTEE TO ELECT DON DIETRICH
P80001845,1988,"TORRES, JUSTIN ALAN",UNKNOWN,Challenger,P,0.0,0.0,0.0,{C00219378},,C00219378,TORRES FOR PRESIDENT-88
P80001852,1988,"LITE, NANCY DAVIS REAGAN",DEMOCRATIC PARTY,Challenger,P,0.00,0.00,0.0,{C00219469},1987-12-18 00:00:00,C00219469,NANCY DAVIS REAGAN LITE FOR PRESIDENT CAMPAIGN
P80001860,1988,"ROGERS, MICHAEL WADE",REPUBLICAN PARTY,Challenger,P,0.0,0.0,0.0,{C00219584},,C00219584,ROGERS FOR FREEDOM OF CHOICE
P80001878,1988,"TREEP, LOUIS WILLIAM",DEMOCRATIC PARTY,Challenger,P,5150.00,0.0,0.0,{C00219592},1988-01-28 00:00:00,C00219592,MARY DAVIS (PCC LOUIS TREEP)
P80001886,1988,"HARRIS, EDDIE RAY REV",UNKNOWN,Challenger,P,0.0,0.0,0.0,{C00219600},,C00219600,REV EDDIE RAY HARRIS (PCC)
P80001894,1988,"MUCCIGROSSO, PASQUALE PHILIP",REPUBLICAN PARTY,Challenger,P,0.00,10000.00,0.0,{C00219733},1988-01-31 00:00:00,C00219733,P MUCCIGROSSO NATIONAL DEMOCRAT CAMPAIGN COMMITTEE
P80001902,1988,"WRIGHT, DONALD ROSE",REPUBLICAN PARTY,Challenger,P,0.0,0.0,0.0,{C00219741},,C00219741,DONALD ROSE WRIGHT FOR PRESIDENT
P80001936,1988,"GRAY, HOSANNA JESSE O",DEMOCRATIC PARTY,Challenger,P,0.00,0.00,0.0,{C00220079},1988-03-31 00:00:00,C00220079,HOSANNA JESSE O GRAY 1996 DEVINE ORDER YEAR OF JUBILEE
P80001944,1988,"MARCUS, EDDIE BERNARD",INDEPENDENT,Challenger,P,0.0,0.0,0.0,{C00220061},,C00220061,EDDIE B MARCUS CAMPAIGN COMMITTEE FOR PRESIDENT
P80001969,1988,"STEWART, JAMES D ""DULL""",UNKNOWN,Challenger,P,20.00,110.00,0.0,{C00219972},1988-09-30 00:00:00,C00219972,COMMON FOLKS PARTY COMMITTEE (PCC J D STEWART)
P80001977,1988,"GOODMAN, WILLIE ODELL",DEMOCRATIC PARTY,Challenger,P,0.0,0.0,0.0,{C00220244},,C00220244,GOODMAN FOR PRESIDENT
P80001985,1988,"CONLEY, PAUL BEECHER",REPUBLICAN PARTY,Challenger,P,3248.00,9086.00,0.0,{C00220293},1988-12-31 00:00:00,C00220293,COMMITTEE TO ELECT PAUL B CONLEY PRESIDENT
P80002009,1988,"OWENS, CHARLES ORVAL (VP)",UNKNOWN,Challenger,P,0.0,0.0,0.0,{C00220509},,C00220509,TO ELECT ARNEY-OWENS PRESIDENTIAL AND VICE-PRESIDENTIAL
P80002017,1988,"ARNEY, JOUETT EDGAR",UNKNOWN,Challenger,P,0.0,0.0,0.0,{C00220509},,C00220509,TO ELECT ARNEY-OWENS PRESIDENTIAL AND VICE-PRESIDENTIAL
P80002041,1988,"HULST, DOROTHY JEAN (VANDER STEL)",REPUBLICAN PARTY,Challenger,P,0.0,0.0,0.0,{C00221317},,C00221317,DOROTHY JEAN HULST FOR PRESIDENT
P80002058,1988,"TOMOSOVICH, GLENDA JEAN",INDEPENDENT,Challenger,P,0.00,0.00,0.0,{C00220947},1988-09-30 00:00:00,C00220947,COMMITTEE TO ELECT GLENDA TOMOSOVICH
P80002066,1988,"KENOYER, WILLA",SOCIALIST PARTY U.S.A.,Challenger,P,17386.00,16267.00,0.0,{C00221127},1988-11-28 00:00:00,C00221127,KENOYER-EHRENREICH CAMPAIGN
P80002074,1988,"KNOWLES, JAMES LLEWELLYN JR",INDEPENDENT,Challenger,P,0.0,0.0,0.0,{C00221119},,C00221119,JAMES L KNOWLES JR FOR PRESIDENT COMMITTEE
P80002082,1988,"BYERS, BRUCE EDWARD",INDEPENDENT,Challenger,P,0.0,0.0,0.0,{C00221143},,C00221143,COMMITTEE TO ELECT BRUCE BYERS FOR PRESIDENT
P80002090,1988,"RACHNER, MARY JANE",REPUBLICAN PARTY,Challenger,P,0.00,5252.00,0.0,{C00221325},1988-01-10 00:00:00,C00221325,RACHNER CAMPAIGN COMMITTEE
P80002108,1988,"LEE, WILLIAM FRANCIS III",UNKNOWN,Challenger,P,245.00,571.00,0.0,{C00221333},1988-09-30 00:00:00,C00221333,COMMITTEE TO ELECT BILL LEE
P80002132,1988,"PALMER, SAMUEL",INDEPENDENT,Challenger,P,0.0,0.0,0.0,{C00221572},,C00221572,SERVANT OF SERVANTS-7*-S0S-7-STAR (PCC PALMER)
P80002199,1988,"APPLEGATE, DOUGLAS",DEMOCRATIC PARTY,Open seat,P,18297.00,18290.00,0.0,{C00222448},1988-10-12 00:00:00,C00222448,APPLEGATE FOR PRESIDENT COMMITTEE
P80002215,1988,"ROUSE, DONALD ""BIGFOOT"" EDWARD",REPUBLICAN PARTY,Challenger,P,0.00,10000.00,0.0,{C00223651},1988-03-31 00:00:00,C00223651,DON BIGFOOT ROUSE FOR PRES REPUBLICAN COM
P80002223,1988,"FERRARI-SOLDO, JOHN JOSEPH DANIEL DAVI",DEMOCRATIC PARTY,Challenger,P,0.0,0.0,0.0,{C00222588},,C00222588,FRIENDLY LOVERS FOR DOCTOR JOHN (PCC FERRARI-SOLDO)
P80002231,1988,"KEMPLIN, CYNTHIA WINGARD",INDEPENDENT,Challenger,P,0.0,0.0,0.0,{C00222596},1988-11-30 00:00:00,C00222596,COMMITTEE FOR THE ELECTION OF C W KEMPLIN
P80002264,1988,"RUTLEDGE, CHRISTOPHER JOHN",NO PARTY AFFILIATION,Challenger,P,0.0,0.0,0.0,"{C00223560,C00224998}",,C00223560,CHRIS RUTLEDGE 1988
P80002272,1988,"CRAFT, ROGER EARL",INDEPENDENT,Challenger,P,0.00,7287.00,0.0,{C00224378},1989-01-31 00:00:00,C00224378,CRAFT FOR PRESIDENT
P80002298,1988,"BIRNBERG, ROBERT MICHAEL",INDEPENDENT,Challenger,P,135.00,126.00,0.0,{C00224113},1988-11-28 00:00:00,C00224113,COMMITTEE REPRESENTING UTOPIAN MINDED BIRNBERG SUPPORTERS (CRUMBS)
P80002322,1988,"MITCHELL, WILLIAM (BILL) EUGENE",UNKNOWN,Challenger,P,0.0,0.0,0.0,{C00224337},,C00224337,COMMITTEE TO ELECT WILLIAM E (BILL) MITCHELL PRESIDENT OF THE UNITED STATES
P80002348,1988,"ANDERSON, ROBERT EARL",UNKNOWN,Challenger,P,0.0,0.0,0.0,{C00224634},,C00224634,ROBERT EARL ANDERSON OF P S PARTY
P80002363,1988,"WARREN, JAMES MAC",SOCIALIST WORKERS PARTY,Open seat,P,76676.00,76676.00,0.0,{C00224865},1988-12-31 00:00:00,C00224865,SOCIALIST WORKERS 1988 NATIONAL CAMPAIGN COMMITTEE (WARREN FOR PRESIDENT/MICKELLS FOR V-P)
P80002371,1988,"HORRIGAN, BILL",REPUBLICAN PARTY,Challenger,P,0.0,0.0,0.0,{C00225086},,C00225086,BILL HORRIGAN FOR PRESIDENT COMMITTEE INC
P80002397,1988,"SPRAGUE, MONTY DALE",INDEPENDENT,Challenger,P,0.00,2200.00,0.0,{C00225318},1988-10-15 00:00:00,C00225318,GOD'S CHILDREN (PCC SPRAGUE)
P80002439,1988,"MARROU, ANDRE V (V-P)",LIBERTARIAN PARTY,Open seat,P,163654.00,118163.00,46086.00,{C00226704},1988-12-31 00:00:00,C00226704,ANDRE MARROU FOR VICE PRESIDENT
P80002454,1988,"FAZZARI, CLARITA (CHI CHI)",INDEPENDENT,Challenger,P,0.0,0.0,0.0,{C00227173},,C00227173,CLARITA FAZZARI FOR PRESIDENT OF U S A
P80002462,1988,"BECTOR, MARTIN RENBEN",UNKNOWN,Challenger,P,0.00,0.00,0.0,{C00227553},1988-12-31 00:00:00,C00227553,ARTISIAN PRESIDENCY (PCC BECTOR)
P80002488,1988,"PHEROMONE, JIMMY",UNKNOWN,Challenger,P,0.0,0.0,0.0,{C00228577},,C00228577,JIMMY PHEROMONE FOR PREZIDENT COMMITTEE
P80002504,1988,"SHARGAL, SUSAN K Y",UNKNOWN,Challenger,P,0.00,38.00,0.0,{C00228940},1988-11-11 00:00:00,C00228940,BRIDGE PARTY: SUSAN K Y SHARGAL FOR PRESIDENT
P80002520,1988,"MCCARTHY, GENE",UNKNOWN,Challenger,P,9342.00,9341.00,0.0,{C00229443},1988-12-31 00:00:00,C00229443,MCCARTHY FOR PRESIDENT COMMITTEE
P80002553,1988,"JONES, PETER MARTIN",INDEPENDENT,Challenger,P,0.0,0.0,0.0,{C00231324},,C00231324,PEOPLE FOR THE ELECTION OF PETER MARTIN JONES
P80002561,1988,"POKINES, JAY KEVIN",INDEPENDENT,Challenger,P,155.00,155.00,0.0,{C00231365},1988-12-31 00:00:00,C00231365,JAY POKINES FOR PRESIDENT
P80002579,1988,"ABBOTT, JOHN HANCOCK",DEMOCRATIC PARTY,Challenger,P,16000.00,15770.00,0.0,{C00231381},1988-10-20 00:00:00,C00231381,COMMITTEE FOR JOHN HANCOCK ABBOTT FOR PRESIDENT
P80002587,1988,"QUAYLE, DAN (VICE PRES)",REPUBLICAN PARTY,Open seat,P,72994.00,50776.00,0.0,{C00231464},1988-12-31 00:00:00,C00231464,QUAYLE FOR VICE PRESIDENT - 1992
P80002595,1988,"DAVIS, MITCHELL JAY",UNKNOWN,Challenger,P,0.00,0.00,0.0,{C00232025},1988-12-31 00:00:00,C00232025,MITCHELL DAVIS FOR PRESIDENT
P80002603,1988,"MALONE, EUGENE WAYNE (BILLY MARTIN) SR",DEMOCRATIC PARTY,Challenger,P,0.00,0.00,0.0,{C00232199},1988-10-31 00:00:00,C00232199,BILLY BALL MALONE SR
P80002637,1988,"LEA, JOYCE PADGETT",NO PARTY AFFILIATION,Challenger,P,4350.00,4350.00,0.0,{C00232595},1989-01-31 00:00:00,C00232595,CANDIDATE COMMITTEE US PRESIDENT 1988 JOYCE PADGETT LEA
P80002652,1988,"GESS, MICHELE ANN",REPUBLICAN PARTY,Challenger,P,0.00,0.00,0.0,{C00232728},1989-01-31 00:00:00,C00232728,MICHELE ANN GESS FOR PRESIDENT
P80002660,1988,"WINN, ED",UNKNOWN,Challenger,P,51284.00,51284.00,0.0,{C00232769},1988-12-31 00:00:00,C00232769,WORKERS LEAGUE NATIONAL CAMPAIGN COMMITTEE TO ELECT ED WINN
P80002694,1988,"RALPH, MYRON",INDEPENDENT,Challenger,P,0.0,0.0,0.0,{C00233932},,C00233932,COMMITTEE TO ELECT MYRON RALPH FOR A HIGHLY PRINCIPLED GOVERNMENT
